{"0": {"0": [6.769230769230769, 8.0, 7.5, 5.8, 5.0, 3.816901408450704, 9.0, 4.228571428571429, 9.733333333333333, 2.889908256880734, 5.666666666666667, 7.0, 5.380952380952381, 7.894736842105263, 2.6097560975609757, 5.285714285714286, 9.571428571428571, 5.72, 1.5339233038348083, 6.851063829787234, 3.7948717948717947, 6.333333333333333, 4.0, 4.0, 6.5, 5.521739130434782, 5.5, 4.157894736842105, 6.0, 3.5, 4.891891891891892, 6.0, 3.6, 9.0, 7.0, 4.0, 10.5, 3.588235294117647, 6.0, 3.9767441860465116], "1": [8.153846153846153, 9.846153846153847, 10.5, 7.0, 6.428571428571429, 4.943661971830986, 11.0, 5.142857142857143, 10.933333333333334, 3.8623853211009176, 7.0, 8.2, 6.333333333333333, 8.842105263157896, 3.947735191637631, 5.857142857142857, 10.714285714285714, 6.84, 2.247787610619469, 8.0, 5.333333333333333, 7.444444444444445, 5.428571428571429, 4.857142857142857, 7.5, 6.6521739130434785, 6.5, 4.894736842105263, 7.333333333333333, 4.5, 6.081081081081081, 6.666666666666667, 4.666666666666667, 10.0, 8.0, 5.714285714285714, 11.5, 4.647058823529412, 6.666666666666667, 4.953488372093023], "2": [6.384615384615385, 7.6923076923076925, 7.5, 5.8, 5.0, 3.7746478873239435, 9.0, 4.171428571428572, 9.4, 2.8623853211009176, 5.0, 7.0, 5.333333333333333, 7.7368421052631575, 2.1951219512195124, 5.0, 9.285714285714286, 5.68, 1.4778761061946903, 6.808510638297872, 3.282051282051282, 6.111111111111111, 4.428571428571429, 4.714285714285714, 6.5, 5.478260869565218, 5.5, 4.157894736842105, 6.0, 3.25, 4.594594594594595, 6.0, 3.6, 9.0, 7.0, 3.5714285714285716, 10.5, 3.5294117647058822, 6.0, 4.1395348837209305]}, "1": {"0": [5.380952380952381, 7.894736842105263, 10.5, 3.5, 3.588235294117647, 4.0, 3.165137614678899, 5.5, 10.0, 9.0, 5.0, 4.157894736842105, 7.0, 9.0, 7.2, 5.285714285714286, 6.957446808510638, 7.5, 4.0, 6.5, 6.769230769230769, 6.333333333333333, 2.818815331010453, 4.918918918918919, 4.228571428571429, 5.8, 8.23076923076923, 5.666666666666667, 4.0, 3.816901408450704, 6.0, 4.069767441860465, 9.571428571428571, 3.7948717948717947, 5.536231884057971, 6.0, 6.0, 5.8, 3.6, 1.5427728613569323], "1": [6.333333333333333, 8.842105263157896, 11.5, 4.5, 4.647058823529412, 4.857142857142857, 4.321100917431193, 6.5, 11.6, 10.0, 6.428571428571429, 4.894736842105263, 8.0, 11.0, 8.4, 5.857142857142857, 8.404255319148936, 10.5, 5.714285714285714, 7.5, 8.153846153846153, 7.444444444444445, 4.149825783972125, 6.162162162162162, 5.142857142857143, 7.0, 9.923076923076923, 7.0, 5.428571428571429, 4.943661971830986, 7.333333333333333, 4.953488372093023, 10.714285714285714, 5.333333333333333, 6.666666666666667, 6.666666666666667, 6.666666666666667, 6.92, 4.666666666666667, 2.274336283185841], "2": [5.333333333333333, 7.7368421052631575, 10.5, 3.25, 3.5294117647058822, 4.714285714285714, 2.770642201834862, 5.5, 9.4, 9.0, 5.0, 4.157894736842105, 7.0, 9.0, 6.8, 5.0, 6.297872340425532, 7.5, 3.5714285714285716, 6.5, 6.384615384615385, 6.111111111111111, 2.0452961672473866, 4.54054054054054, 4.171428571428572, 5.8, 7.6923076923076925, 5.0, 4.428571428571429, 3.7746478873239435, 6.0, 4.046511627906977, 9.285714285714286, 3.282051282051282, 5.492753623188406, 6.0, 6.0, 5.6, 3.6, 1.4749262536873156]}, "2": {"0": [4.157894736842105, 6.538461538461538, 5.8, 7.0, 7.5, 3.6, 7.0, 3.6, 9.666666666666666, 8.666666666666666, 3.7435897435897436, 6.0, 3.5714285714285716, 2.6411149825783973, 3.857142857142857, 1.5309734513274336, 6.0, 2.871559633027523, 4.837837837837838, 7.538461538461538, 4.228571428571429, 6.872340425531915, 10.5, 9.0, 5.285714285714286, 9.571428571428571, 6.333333333333333, 5.666666666666667, 4.0, 6.5, 5.380952380952381, 5.0, 5.536231884057971, 6.0, 3.588235294117647, 5.72, 3.8450704225352115, 7.894736842105263, 4.0, 5.5], "1": [4.894736842105263, 7.923076923076923, 7.0, 8.0, 10.5, 4.5, 8.2, 4.666666666666667, 10.866666666666667, 10.666666666666666, 5.17948717948718, 7.333333333333333, 4.428571428571429, 3.8257839721254356, 5.571428571428571, 2.2212389380530975, 6.666666666666667, 3.770642201834862, 6.027027027027027, 9.384615384615385, 5.142857142857143, 7.9361702127659575, 11.5, 10.0, 5.857142857142857, 10.714285714285714, 7.444444444444445, 7.0, 5.142857142857143, 7.5, 6.333333333333333, 6.428571428571429, 6.608695652173913, 6.666666666666667, 4.529411764705882, 6.84, 4.915492957746479, 8.842105263157896, 4.930232558139535, 6.5], "2": [4.157894736842105, 6.153846153846154, 5.8, 7.0, 7.5, 3.3, 7.0, 3.6, 9.333333333333334, 8.666666666666666, 3.282051282051282, 6.0, 4.285714285714286, 2.1881533101045294, 3.5714285714285716, 1.471976401179941, 6.0, 2.8256880733944953, 4.5675675675675675, 7.153846153846154, 4.171428571428572, 6.808510638297872, 10.5, 9.0, 5.0, 9.285714285714286, 6.111111111111111, 5.0, 4.428571428571429, 6.5, 5.333333333333333, 5.0, 5.492753623188406, 6.0, 3.5294117647058822, 5.68, 3.788732394366197, 7.7368421052631575, 4.232558139534884, 5.5]}, "3": {"0": [6.571428571428571, 5.105263157894737, 9.0, 5.0, 3.6, 5.5, 5.0, 3.857142857142857, 4.246376811594203, 3.140845070422535, 4.1891891891891895, 6.0, 3.6842105263157894, 7.533333333333333, 10.5, 3.0, 3.4285714285714284, 8.333333333333334, 3.116279069767442, 5.923076923076923, 4.48936170212766, 6.5, 7.0, 6.0, 3.5641025641025643, 3.5294117647058822, 5.666666666666667, 1.4837758112094395, 3.4285714285714284, 5.666666666666667, 5.555555555555555, 4.44, 5.4, 2.494773519163763, 3.857142857142857, 3.857142857142857, 2.7155963302752295, 4.095238095238095, 7.5, 5.461538461538462], "1": [8.0, 6.2631578947368425, 11.0, 7.0, 4.666666666666667, 7.5, 6.0, 5.857142857142857, 5.492753623188406, 4.549295774647887, 5.864864864864865, 6.666666666666667, 4.526315789473684, 8.866666666666667, 12.5, 4.5, 5.714285714285714, 11.0, 4.372093023255814, 8.23076923076923, 5.851063829787234, 8.5, 9.0, 6.666666666666667, 5.410256410256411, 4.705882352941177, 7.666666666666667, 2.286135693215339, 4.571428571428571, 7.0, 6.888888888888889, 5.96, 7.0, 3.902439024390244, 5.857142857142857, 5.171428571428572, 3.926605504587156, 5.428571428571429, 11.5, 7.0], "2": [6.571428571428571, 5.105263157894737, 9.0, 5.0, 3.6, 5.5, 5.0, 4.142857142857143, 4.246376811594203, 3.140845070422535, 4.135135135135135, 6.0, 3.6842105263157894, 7.533333333333333, 10.5, 3.0, 3.4285714285714284, 8.333333333333334, 3.116279069767442, 5.923076923076923, 4.48936170212766, 6.5, 7.0, 6.0, 3.2564102564102564, 3.5294117647058822, 5.666666666666667, 1.4424778761061947, 4.142857142857143, 5.0, 5.555555555555555, 4.44, 5.4, 2.167247386759582, 3.857142857142857, 3.742857142857143, 2.669724770642202, 4.095238095238095, 7.5, 5.461538461538462]}, "4": {"0": [3.6, 1.5309734513274336, 4.190476190476191, 6.571428571428571, 5.285714285714286, 4.0, 6.076923076923077, 4.478260869565218, 2.637630662020906, 5.923076923076923, 8.666666666666666, 5.666666666666667, 5.0, 5.5, 2.853211009174312, 6.5, 3.5714285714285716, 3.588235294117647, 3.2535211267605635, 3.45, 9.333333333333334, 3.7435897435897436, 5.105263157894737, 7.0, 5.555555555555555, 9.0, 6.0, 3.6842105263157894, 5.4, 6.0, 3.744186046511628, 3.8857142857142857, 5.0, 4.594594594594595, 4.142857142857143, 3.857142857142857, 7.5, 4.617021276595745, 10.5, 6.0], "1": [4.666666666666667, 2.2212389380530975, 5.238095238095238, 8.0, 5.857142857142857, 5.142857142857143, 7.769230769230769, 5.753623188405797, 3.8153310104529616, 7.461538461538462, 10.666666666666666, 7.0, 6.28, 6.5, 3.7522935779816513, 7.5, 4.428571428571429, 4.529411764705882, 4.352112676056338, 4.45, 10.666666666666666, 5.17948717948718, 6.2631578947368425, 8.0, 6.888888888888889, 10.0, 6.666666666666667, 4.526315789473684, 7.0, 7.333333333333333, 4.813953488372093, 4.914285714285715, 6.6, 5.891891891891892, 5.857142857142857, 5.571428571428571, 10.5, 5.723404255319149, 11.5, 6.666666666666667],