{"0": {"0": [3.467741935483871, 3.661290322580645, 3.6451612903225805, 3.629032258064516, 3.4516129032258065, 3.5806451612903225, 3.5161290322580645, 3.4516129032258065, 3.338709677419355, 3.7096774193548385], "1": [4.629032258064516, 4.854838709677419, 4.806451612903226, 4.693548387096774, 4.870967741935484, 4.870967741935484, 4.612903225806452, 4.709677419354839, 4.564516129032258, 5.064516129032258], "2": [3.4516129032258065, 3.661290322580645, 3.6451612903225805, 3.629032258064516, 3.4516129032258065, 3.5806451612903225, 3.5161290322580645, 3.4516129032258065, 3.338709677419355, 3.7096774193548385]}, "1": {"0": [4.0, 4.403225806451613, 3.903225806451613, 4.241935483870968, 4.016129032258065, 4.112903225806452, 3.7096774193548385, 3.661290322580645, 3.7419354838709675, 3.903225806451613], "1": [5.129032258064516, 5.5, 5.096774193548387, 5.467741935483871, 5.17741935483871, 5.209677419354839, 4.838709677419355, 4.82258064516129, 4.903225806451613, 5.064516129032258], "2": [3.967741935483871, 4.370967741935484, 3.903225806451613, 4.193548387096774, 3.9516129032258065, 4.080645161290323, 3.693548387096774, 3.661290322580645, 3.7419354838709675, 3.903225806451613]}, "2": {"0": [6.209677419354839, 5.306451612903226, 5.854838709677419, 5.435483870967742, 5.725806451612903, 5.967741935483871, 6.032258064516129, 5.435483870967742, 4.82258064516129, 5.338709677419355], "1": [7.338709677419355, 6.338709677419355, 6.887096774193548, 6.467741935483871, 6.725806451612903, 7.0, 7.161290322580645, 6.532258064516129, 5.887096774193548, 6.370967741935484], "2": [6.064516129032258, 5.161290322580645, 5.741935483870968, 5.403225806451613, 5.564516129032258, 5.854838709677419, 6.064516129032258, 5.274193548387097, 4.741935483870968, 5.193548387096774]}, "3": {"0": [5.419354838709677, 6.145161290322581, 5.241935483870968, 5.838709677419355, 5.612903225806452, 5.82258064516129, 5.532258064516129, 4.483870967741935, 5.435483870967742, 5.741935483870968], "1": [6.387096774193548, 7.145161290322581, 6.241935483870968, 6.774193548387097, 6.612903225806452, 6.758064516129032, 6.564516129032258, 5.483870967741935, 6.467741935483871, 6.612903225806452], "2": [5.225806451612903, 6.032258064516129, 5.112903225806452, 5.67741935483871, 5.532258064516129, 5.887096774193548, 5.32258064516129, 4.467741935483871, 5.403225806451613, 5.564516129032258]}, "4": {"0": [5.225806451612903, 6.016129032258065, 5.612903225806452, 5.709677419354839, 5.419354838709677, 5.370967741935484, 6.0, 5.145161290322581, 5.887096774193548, 5.629032258064516], "1": [6.290322580645161, 7.080645161290323, 6.645161290322581, 6.838709677419355, 6.483870967741935, 6.403225806451613, 7.064516129032258, 6.306451612903226, 6.854838709677419, 6.661290322580645], "2": [5.064516129032258, 5.82258064516129, 5.483870967741935, 5.661290322580645, 5.338709677419355, 5.32258064516129, 5.903225806451613, 5.096774193548387, 5.516129032258065, 5.516129032258065]}}