{"0": {"0": [25.666666666666668, 21.666666666666668, 17.6, 23.666666666666668, 14.0, 21.0, 16.4, 23.0, 12.651162790697674, 16.6, 16.6, 18.4, 21.0, 12.142857142857142, 23.5, 11.515151515151516, 16.2, 11.69767441860465, 17.571428571428573, 18.4], "1": [28.333333333333332, 23.666666666666668, 19.2, 25.666666666666668, 16.0, 23.0, 18.4, 25.0, 14.093023255813954, 18.2, 18.2, 21.6, 23.666666666666668, 13.0, 25.5, 13.151515151515152, 19.0, 13.279069767441861, 19.857142857142858, 20.4], "2": [25.666666666666668, 21.666666666666668, 17.6, 23.666666666666668, 14.0, 21.0, 16.4, 23.0, 12.651162790697674, 16.6, 16.6, 18.4, 21.0, 12.142857142857142, 23.5, 11.515151515151516, 16.2, 11.69767441860465, 17.571428571428573, 18.4]}, "1": {"0": [14.333333333333334, 18.4, 16.6, 23.0, 15.181818181818182, 16.4, 17.6, 21.666666666666668, 13.581395348837209, 16.6, 19.428571428571427, 12.142857142857142, 21.0, 13.279069767441861, 18.8, 23.5, 23.666666666666668, 16.2, 21.0, 25.666666666666668], "1": [15.88888888888889, 20.4, 18.2, 24.0, 16.696969696969695, 18.4, 19.2, 23.666666666666668, 15.44186046511628, 18.2, 22.0, 13.0, 23.666666666666668, 14.906976744186046, 22.4, 24.5, 25.666666666666668, 19.0, 23.0, 28.333333333333332], "2": [14.333333333333334, 17.8, 16.6, 29.0, 15.0, 16.4, 17.6, 21.666666666666668, 13.534883720930232, 16.6, 19.428571428571427, 12.142857142857142, 21.0, 13.395348837209303, 18.6, 23.5, 23.666666666666668, 16.2, 21.0, 25.666666666666668]}, "2": {"0": [25.0, 20.11111111111111, 25.6, 23.4, 22.0, 19.0, 18.181818181818183, 23.428571428571427, 23.0, 27.0, 29.333333333333332, 24.0, 23.4, 18.6046511627907, 28.0, 15.0, 19.767441860465116, 20.8, 32.666666666666664, 23.5], "1": [27.0, 21.444444444444443, 26.8, 24.6, 24.8, 22.6, 19.515151515151516, 25.428571428571427, 24.0, 28.333333333333332, 30.666666666666668, 25.2, 24.6, 20.372093023255815, 29.333333333333332, 15.571428571428571, 21.441860465116278, 22.0, 34.666666666666664, 24.5], "2": [31.0, 20.333333333333332, 24.2, 23.4, 24.4, 18.8, 18.060606060606062, 23.428571428571427, 29.0, 27.0, 29.333333333333332, 28.8, 23.4, 19.46511627906977, 32.0, 15.714285714285714, 20.209302325581394, 20.8, 34.666666666666664, 23.5]}, "3": {"0": [18.181818181818183, 18.8, 19.441860465116278, 32.666666666666664, 18.767441860465116, 25.0, 27.0, 25.6, 23.5, 15.0, 20.8, 23.4, 22.6, 23.0, 28.0, 23.4, 24.0, 29.333333333333332, 20.11111111111111, 23.428571428571427], "1": [19.454545454545453, 22.4, 21.11627906976744, 34.666666666666664, 20.11627906976744, 27.0, 28.333333333333332, 26.8, 24.5, 15.571428571428571, 22.0, 24.6, 24.6, 24.0, 29.333333333333332, 24.6, 25.2, 30.666666666666668, 21.22222222222222, 25.428571428571427], "2": [18.12121212121212, 18.6, 20.441860465116278, 34.666666666666664, 19.930232558139537, 31.0, 27.0, 24.2, 23.5, 15.714285714285714, 20.8, 23.4, 25.8, 29.0, 32.0, 23.4, 28.8, 29.333333333333332, 20.11111111111111, 23.428571428571427]}, "4": {"0": [23.4, 25.6, 27.0, 32.666666666666664, 24.0, 23.428571428571427, 25.333333333333332, 22.0, 20.302325581395348, 23.0, 29.333333333333332, 15.0, 23.5, 20.11111111111111, 20.8, 18.545454545454547, 19.186046511627907, 19.0, 23.4, 30.666666666666668], "1": [24.6, 26.8, 28.333333333333332, 34.666666666666664, 25.2, 25.428571428571427, 27.333333333333332, 24.8, 22.023255813953487, 24.0, 30.666666666666668, 15.571428571428571, 24.5, 21.22222222222222, 22.0, 19.939393939393938, 20.627906976744185, 22.6, 24.6, 32.0], "2": [23.4, 24.2, 27.0, 34.666666666666664, 28.8, 23.428571428571427, 31.333333333333332, 24.4, 20.13953488372093, 29.0, 29.333333333333332, 15.714285714285714, 23.5, 20.11111111111111, 20.8, 18.424242424242426, 19.232558139534884, 18.8, 23.4, 30.666666666666668]}}